protein_id	name	genomic position	variant	old_codon	new_codon	aa_change
YP_009725299.1	nsp3	2971	T	ATG	ATT	M84I
YP_009725299.1	nsp3	3099	T	ACT	ATT	T127I
YP_009725299.1	nsp3	6031	T	AAC	AAT	N1104N
YP_009725299.1	nsp3	6035	G	AGC	GGC	S1106G
YP_009725300.1	nsp4	8782	T	AGC	AGT	S76S
YP_009725301.1	3C-like proteinase	10507	T	AAC	AAT	N151N
YP_009725302.1	nsp6	11083	T	TTG	TTT	L37F
YP_009725304.1	nsp8	12115	T	TCC	TCT	S8S
YP_009725307.1	RNA-dependent RNA polymerase	15597	C	TAT	TAC	Y719Y
YP_009725308.1	helicase	16467	G	CCA	CCG	P77P
YP_009725308.1	helicase	17747	T	CCT	CTT	P504L
YP_009725308.1	helicase	17858	G	TAT	TGT	Y541C
YP_009725309.1	3'-to-5' exonuclease	18060	T	CTC	CTT	L7L
YP_009725311.1	2'-O-ribose methyltransferase	20936	T	ACG	ATG	T93M
YP_009725311.1	2'-O-ribose methyltransferase	21386	T	TCT	TTT	S243F
YP_009724390.1	surface glycoprotein	22224	G	TCG	TGG	S221W
YP_009724390.1	surface glycoprotein	23185	T	TTC	TTT	F541F
YP_009724391.1	ORF3a protein	25775	T	TGG	TTG	W128L
YP_009724391.1	ORF3a protein	26144	T	GGT	GTT	G251V
YP_009724392.1	envelope protein	26354	A	CTT	CAT	L37H
YP_009724396.1	ORF8 protein	28144	C	TTA	TCA	L84S
YP_009724397.2	nucleocapsid phosphoprotein	28378	T	GCG	GCT	A35A
